{
  "chatbot": {
    "conversations": [],
    "patterns": {
      "commonQuestions": {},
      "successfulResponses": {},
      "userSatisfaction": {},
      "appointmentRequests": {},
      "medicalInquiries": {}
    },
    "improvements": {
      "responseAccuracy": 0,
      "userSatisfaction": 0,
      "appointmentBookingSuccess": 0,
      "medicalAdviceAccuracy": 0
    }
  },
  "appointments": {
    "scheduling": {
      "peakHours": {
        "10": 1,
        "14": 1,
        "15": 1,
        "09": 1
      },
      "preferredDoctors": {},
      "cancellationPatterns": {},
      "reschedulingReasons": {}
    },
    "optimization": {
      "averageWaitTime": 0,
      "doctorUtilization": {},
      "patientSatisfaction": 0.75,
      "noShowRate": 0
    }
  },
  "patients": {
    "demographics": {
      "ageGroups": {
        "20": 1,
        "30": 2,
        "40": 1
      },
      "genderDistribution": {
        "male": 2,
        "female": 2
      },
      "specialNeeds": {
        "كرسي متحرك": 2,
        "مترجم لغة الإشارة": 1
      },
      "insuranceProviders": {
        "شركة التأمين الوطنية": 2,
        "شركة التأمين التعاوني": 2
      }
    },
    "medicalHistory": {
      "commonConditions": {},
      "treatmentSuccess": {},
      "followUpCompliance": {},
      "medicationAdherence": {}
    }
  },
  "system": {
    "performance": {
      "responseTime": 0,
      "uptime": 0,
      "errorRate": 0,
      "userEngagement": 0
    },
    "improvements": {
      "featuresAdded": [],
      "bugsFixed": [],
      "optimizationsApplied": [],
      "userFeedback": [],
      "recommendations": [
        {
          "category": "chatbot",
          "priority": "high",
          "title": "تحسين استجابات الشات بوت",
          "description": "معدل رضا المستخدمين منخفض. يوصى بتحسين قاعدة المعرفة والاستجابات.",
          "action": "update_chatbot_knowledge_base"
        },
        {
          "category": "appointments",
          "priority": "medium",
          "title": "تحسين إدارة المواعيد",
          "description": "معدل رضا المرضى منخفض. يوصى بتحسين توقيت المواعيد وتقليل أوقات الانتظار.",
          "action": "optimize_appointment_scheduling"
        },
        {
          "category": "patient_care",
          "priority": "medium",
          "title": "تحسين الخدمات لـ كرسي متحرك",
          "description": "هذا هو أكثر الاحتياجات الخاصة شيوعاً. يوصى بتطوير خدمات متخصصة.",
          "action": "develop_specialized_services"
        }
      ],
      "appliedImprovements": [
        {
          "category": "chatbot",
          "priority": "high",
          "title": "تحسين استجابات الشات بوت",
          "description": "معدل رضا المستخدمين منخفض. يوصى بتحسين قاعدة المعرفة والاستجابات.",
          "action": "update_chatbot_knowledge_base"
        },
        {
          "category": "appointments",
          "priority": "medium",
          "title": "تحسين إدارة المواعيد",
          "description": "معدل رضا المرضى منخفض. يوصى بتحسين توقيت المواعيد وتقليل أوقات الانتظار.",
          "action": "optimize_appointment_scheduling"
        },
        {
          "category": "patient_care",
          "priority": "medium",
          "title": "تحسين الخدمات لـ كرسي متحرك",
          "description": "هذا هو أكثر الاحتياجات الخاصة شيوعاً. يوصى بتطوير خدمات متخصصة.",
          "action": "develop_specialized_services"
        }
      ]
    }
  }
}
