{
  "cycleNumber": 13,
  "timestamp": "2025-10-10T16:42:24.403Z",
  "performanceMetrics": {
    "cyclesCompleted": 12,
    "errorsFixed": 0,
    "optimizationsApplied": 26,
    "uptime": 0,
    "averageCycleTime": 2393.955322265625
  },
  "uptime": 3631246,
  "systemHealth": {
    "memoryUsage": {
      "rss": 59527168,
      "heapTotal": 9019392,
      "heapUsed": 6817720,
      "external": 1739405,
      "arrayBuffers": 144405
    },
    "nodeVersion": "v22.20.0",
    "platform": "linux"
  }
}
