{
  "timestamp": "2025-10-10T16:41:59.632Z",
  "model": {
    "patterns": {
      "success": {},
      "failure": {},
      "performance": {},
      "errors": {}
    },
    "predictions": {
      "nextFailure": null,
      "optimalTiming": {},
      "resourceNeeds": {}
    },
    "weights": {
      "timeOfDay": 0.1,
      "dayOfWeek": 0.1,
      "systemLoad": 0.2,
      "errorHistory": 0.3,
      "recentChanges": 0.3
    },
    "accuracy": 0,
    "lastUpdated": "2025-10-10T16:41:59.625Z"
  },
  "trainingDataSize": 0,
  "recommendations": [],
  "summary": {
    "accuracy": 0,
    "patternsDiscovered": 4,
    "predictionsGenerated": 3,
    "lastUpdated": "2025-10-10T16:41:59.625Z"
  }
}
