{
  "timestamp": "2025-10-10T16:42:24.393Z",
  "checks": [
    {
      "check": "Cursor Agent Status",
      "expected": "Cursor Agent running continuously",
      "status": "failed",
      "details": {},
      "issues": ["PID file not found", "Log file not found"]
    },
    {
      "check": "File Cleanup",
      "expected": "No files older than 7 days in temp/logs directories",
      "status": "passed",
      "details": {
        "oldFilesFound": 0,
        "archiveExists": true
      },
      "issues": []
    },
    {
      "check": "Workflow Integrity",
      "expected": "All n8n workflows run without errors",
      "status": "passed",
      "details": {
        "workflowExists": true,
        "nodeCount": 7,
        "testResults": {
          "timestamp": "2025-10-10T16:42:21.986Z",
          "workflow": "Social Media Auto Posting",
          "nodes": [
            {
              "id": "schedule-trigger",
              "name": "Schedule Trigger",
              "type": "n8n-nodes-base.scheduleTrigger",
              "status": "success",
              "executionTime": 457.05310978958227,
              "error": null
            },
            {
              "id": "google-drive-node",
              "name": "Get Random Video",
              "type": "n8n-nodes-base.googleDrive",
              "status": "success",
              "executionTime": 304.32231235199157,
              "error": null
            },
            {
              "id": "random-selector",
              "name": "Select Random Video",
              "type": "n8n-nodes-base.function",
              "status": "success",
              "executionTime": 25.076656838902032,
              "error": null
            },
            {
              "id": "tiktok-poster",
              "name": "Post to TikTok",
              "type": "n8n-nodes-base.httpRequest",
              "status": "success",
              "executionTime": 553.1544415732632,
              "error": null
            },
            {
              "id": "instagram-poster",
              "name": "Post to Instagram",
              "type": "n8n-nodes-base.httpRequest",
              "status": "success",
              "executionTime": 925.155926102284,
              "error": null
            },
            {
              "id": "linkedin-poster",
              "name": "Post to LinkedIn",
              "type": "n8n-nodes-base.httpRequest",
              "status": "success",
              "executionTime": 873.5781605035031,
              "error": null
            },
            {
              "id": "facebook-poster",
              "name": "Post to Facebook",
              "type": "n8n-nodes-base.httpRequest",
              "status": "success",
              "executionTime": 793.0194104385306,
              "error": null
            }
          ],
          "errors": []
        }
      },
      "issues": []
    },
    {
      "check": "Social Media Posts",
      "expected": "3 posts per day published successfully to each platform",
      "status": "failed",
      "details": {},
      "issues": [
        "Post schedule file not found",
        "Social media report not found"
      ]
    },
    {
      "check": "Dashboard and Reports",
      "expected": "Final report generated and dashboard updated",
      "status": "passed",
      "details": {
        "finalReportExists": true,
        "finalReportStatus": "partial",
        "masterReportExists": true,
        "masterReportModules": 5
      },
      "issues": []
    },
    {
      "check": "Admin Permissions",
      "expected": "All users have correct roles",
      "status": "failed",
      "details": {
        "adminReport": {
          "totalUsers": 1,
          "validUsers": 1,
          "invalidUsers": 0,
          "totalRoles": 5,
          "validRoles": 5,
          "invalidRoles": 0,
          "securityWarnings": 0,
          "overallStatus": "warning"
        }
      },
      "issues": ["Supabase connection failed"]
    },
    {
      "check": "Enhancements Applied",
      "expected": "All optimizations active and functioning",
      "status": "failed",
      "details": {},
      "issues": ["Enhancements report not found"]
    }
  ],
  "summary": {
    "totalChecks": 7,
    "passedChecks": 3,
    "failedChecks": 4,
    "overallStatus": "partial"
  }
}
