{
  "dependencies": [
    "@hookform/resolvers",
    "@types/react-dom",
    "autoprefixer",
    "postcss",
    "react-hook-form",
    "socket.io-client",
    "tailwind-merge",
    "tailwindcss",
    "web-vitals"
  ],
  "devDependencies": [
    "@testing-library/react",
    "@testing-library/user-event",
    "@types/jest",
    "@typescript-eslint/eslint-plugin",
    "@typescript-eslint/parser",
    "eslint",
    "eslint-config-next",
    "jest-environment-jsdom",
    "ts-jest"
  ],
  "missing": {
    "@eslint/eslintrc": ["/workspace/eslint.config.mjs"],
    "preline": ["/workspace/tailwind.config.js"]
  },
  "using": {
    "@eslint/eslintrc": ["/workspace/eslint.config.mjs"],
    "next": [
      "/workspace/jest.config.js",
      "/workspace/package.json",
      "/workspace/temp_complex/api/whatsapp/webhook/route.ts",
      "/workspace/temp_complex/api/whatsapp/send/route.ts",
      "/workspace/temp_complex/api/webhooks/whatsapp/route.ts",
      "/workspace/temp_complex/api/translations/seed/route.ts",
      "/workspace/temp_complex/api/settings/route.ts",
      "/workspace/temp_complex/api/saudi-health/verify/route.ts",
      "/workspace/temp_complex/api/private-center/sfda-report/route.ts",
      "/workspace/temp_complex/api/private-center/moh-report/route.ts",
      "/workspace/temp_complex/api/private-center/compliance/route.ts",
      "/workspace/temp_complex/api/private-center/cchi-claim/route.ts",
      "/workspace/temp_complex/api/private-center/analytics/route.ts",
      "/workspace/temp_complex/api/patients/route.ts",
      "/workspace/temp_complex/api/ministry-health/verify/route.ts",
      "/workspace/temp_complex/api/ministry-health/sync/route.ts",
      "/workspace/temp_complex/api/ministry-health/submit/route.ts",
      "/workspace/temp_complex/api/ministry-health/compliance/route.ts",
      "/workspace/temp_complex/api/logs/route.ts",
      "/workspace/temp_complex/api/insurance/claim/route.ts",
      "/workspace/temp_complex/api/i18n/route.ts",
      "/workspace/temp_complex/api/i18n/admin/route.ts",
      "/workspace/temp_complex/api/health/route.ts",
      "/workspace/temp_complex/api/channels/whatsapp/send/route.ts",
      "/workspace/temp_complex/api/auth/refresh/route.ts",
      "/workspace/temp_complex/api/auth/me/route.ts",
      "/workspace/temp_complex/api/auth/logout/route.ts",
      "/workspace/temp_complex/api/auth/login/route.ts",
      "/workspace/temp_complex/api/appointments/route.ts",
      "/workspace/temp_complex/api/analytics/dashboard/route.ts",
      "/workspace/temp_complex/api/ai/transcribe/route.ts",
      "/workspace/temp_complex/api/ai/respond/route.ts",
      "/workspace/temp_complex/api/ai/chat/route.ts",
      "/workspace/temp_complex/(marketing)/project-documentation/page.tsx",
      "/workspace/temp_complex/(info)/contact/page.tsx",
      "/workspace/temp_complex/(info)/about/page.tsx",
      "/workspace/temp_complex/(auth)/verify-email/page.tsx",
      "/workspace/temp_complex/(auth)/reset-password/page.tsx",
      "/workspace/temp_complex/(auth)/register/page.tsx",
      "/workspace/temp_complex/(auth)/login/page.tsx",
      "/workspace/temp_complex/(auth)/forgot-password/page.tsx",
      "/workspace/temp_complex/(admin)/settings/page.tsx",
      "/workspace/temp_complex/(admin)/review/page.tsx",
      "/workspace/temp_complex/(admin)/flow/page.tsx",
      "/workspace/temp_complex/(admin)/dashboard/page.tsx",
      "/workspace/temp_complex/(admin)/conversations/page.tsx",
      "/workspace/src/middleware.backup.ts",
      "/workspace/src/middleware.disabled.ts",
      "/workspace/src/middleware.prod.ts",
      "/workspace/src/lib/cache-system.ts",
      "/workspace/src/lib/error-handler.ts",
      "/workspace/src/lib/file-upload.ts",
      "/workspace/src/lib/performance-monitor.ts",
      "/workspace/src/lib/security-enhanced.ts",
      "/workspace/src/lib/security.ts",
      "/workspace/src/lib/supabaseClient.ts",
      "/workspace/src/components/shell/Header.tsx",
      "/workspace/src/components/shell/Sidebar.tsx",
      "/workspace/src/components/providers/UIProvider.tsx",
      "/workspace/src/components/common/OptimizedImage.tsx",
      "/workspace/src/app/error.tsx",
      "/workspace/src/app/layout.backup.tsx",
      "/workspace/src/app/not-found.tsx",
      "/workspace/src/app/page.complex.tsx",
      "/workspace/src/app/robots.ts",
      "/workspace/src/app/sitemap.ts",
      "/workspace/src/__tests__/api/appointments.test.ts",
      "/workspace/src/__tests__/api/patients.test.ts"
    ],
    "react": [
      "/workspace/jest.config.js",
      "/workspace/package.json",
      "/workspace/package.json",
      "/workspace/temp_complex/api/whatsapp/webhook/route.ts",
      "/workspace/temp_complex/api/whatsapp/send/route.ts",
      "/workspace/temp_complex/api/webhooks/whatsapp/route.ts",
      "/workspace/temp_complex/api/translations/seed/route.ts",
      "/workspace/temp_complex/api/settings/route.ts",
      "/workspace/temp_complex/api/saudi-health/verify/route.ts",
      "/workspace/temp_complex/api/private-center/sfda-report/route.ts",
      "/workspace/temp_complex/api/private-center/moh-report/route.ts",
      "/workspace/temp_complex/api/private-center/compliance/route.ts",
      "/workspace/temp_complex/api/private-center/cchi-claim/route.ts",
      "/workspace/temp_complex/api/private-center/analytics/route.ts",
      "/workspace/temp_complex/api/patients/route.ts",
      "/workspace/temp_complex/api/ministry-health/verify/route.ts",
      "/workspace/temp_complex/api/ministry-health/sync/route.ts",
      "/workspace/temp_complex/api/ministry-health/submit/route.ts",
      "/workspace/temp_complex/api/ministry-health/compliance/route.ts",
      "/workspace/temp_complex/api/logs/route.ts",
      "/workspace/temp_complex/api/insurance/claim/route.ts",
      "/workspace/temp_complex/api/i18n/route.ts",
      "/workspace/temp_complex/api/i18n/admin/route.ts",
      "/workspace/temp_complex/api/health/route.ts",
      "/workspace/temp_complex/api/channels/whatsapp/send/route.ts",
      "/workspace/temp_complex/api/auth/refresh/route.ts",
      "/workspace/temp_complex/api/auth/me/route.ts",
      "/workspace/temp_complex/api/auth/logout/route.ts",
      "/workspace/temp_complex/api/auth/login/route.ts",
      "/workspace/temp_complex/api/appointments/route.ts",
      "/workspace/temp_complex/api/analytics/dashboard/route.ts",
      "/workspace/temp_complex/api/ai/transcribe/route.ts",
      "/workspace/temp_complex/api/ai/respond/route.ts",
      "/workspace/temp_complex/api/ai/chat/route.ts",
      "/workspace/temp_complex/(marketing)/project-documentation/page.tsx",
      "/workspace/temp_complex/(info)/contact/page.tsx",
      "/workspace/temp_complex/(info)/about/page.tsx",
      "/workspace/temp_complex/(auth)/verify-email/page.tsx",
      "/workspace/temp_complex/(auth)/reset-password/page.tsx",
      "/workspace/temp_complex/(auth)/register/page.tsx",
      "/workspace/temp_complex/(auth)/login/page.tsx",
      "/workspace/temp_complex/(auth)/forgot-password/page.tsx",
      "/workspace/temp_complex/(admin)/users/page.tsx",
      "/workspace/temp_complex/(admin)/settings/page.tsx",
      "/workspace/temp_complex/(admin)/settings/i18n/page.tsx",
      "/workspace/temp_complex/(admin)/review/page.tsx",
      "/workspace/temp_complex/(admin)/private-center-dashboard/page.tsx",
      "/workspace/temp_complex/(admin)/logs/page.tsx",
      "/workspace/temp_complex/(admin)/flow/page.tsx",
      "/workspace/temp_complex/(admin)/dashboard/page.tsx",
      "/workspace/temp_complex/(admin)/conversations/page.tsx",
      "/workspace/temp_complex/(admin)/analytics/page.tsx",
      "/workspace/src/middleware.backup.ts",
      "/workspace/src/middleware.disabled.ts",
      "/workspace/src/middleware.prod.ts",
      "/workspace/src/lib/cache-system.ts",
      "/workspace/src/lib/error-handler.ts",
      "/workspace/src/lib/file-upload.ts",
      "/workspace/src/lib/performance-monitor.ts",
      "/workspace/src/lib/responsive-design.ts",
      "/workspace/src/lib/security-enhanced.ts",
      "/workspace/src/lib/security.ts",
      "/workspace/src/lib/supabaseClient.ts",
      "/workspace/src/hooks/useApi.ts",
      "/workspace/src/hooks/useAsync.ts",
      "/workspace/src/hooks/useAuth.ts",
      "/workspace/src/hooks/useBrandColorFromLogo.ts",
      "/workspace/src/hooks/useClickOutside.ts",
      "/workspace/src/hooks/useCounter.ts",
      "/workspace/src/hooks/useDebounce.ts",
      "/workspace/src/hooks/useForm.ts",
      "/workspace/src/hooks/useI18n.ts",
      "/workspace/src/hooks/useIntersectionObserver.ts",
      "/workspace/src/hooks/useKeyPress.ts",
      "/workspace/src/hooks/useLocalStorage.ts",
      "/workspace/src/hooks/useMediaQuery.ts",
      "/workspace/src/hooks/useMemoryLeakPrevention.ts",
      "/workspace/src/hooks/usePerformance.ts",
      "/workspace/src/hooks/usePrevious.ts",
      "/workspace/src/hooks/useThrottle.ts",
      "/workspace/src/hooks/useToggle.ts",
      "/workspace/src/components/ui/DataTable.tsx",
      "/workspace/src/components/ui/Modal.tsx",
      "/workspace/src/components/ui/Toast.tsx",
      "/workspace/src/components/ui/Tooltip.tsx",
      "/workspace/src/components/shell/Header.tsx",
      "/workspace/src/components/shell/Sidebar.tsx",
      "/workspace/src/components/settings/KeywordEditor.tsx",
      "/workspace/src/components/settings/SettingsTabs.tsx",
      "/workspace/src/components/providers/I18nProvider.tsx",
      "/workspace/src/components/providers/UIProvider.tsx",
      "/workspace/src/components/common/DirectionToggle.tsx",
      "/workspace/src/components/common/ErrorBoundary.tsx",
      "/workspace/src/components/common/OptimizedImage.tsx",
      "/workspace/src/components/common/PlaceholderSquare.tsx",
      "/workspace/src/components/common/StatusBanner.tsx",
      "/workspace/src/components/common/ThemeToggle.tsx",
      "/workspace/src/app/error.tsx",
      "/workspace/src/app/layout.backup.tsx",
      "/workspace/src/app/not-found.tsx",
      "/workspace/src/app/page.complex.tsx",
      "/workspace/src/app/robots.ts",
      "/workspace/src/app/sitemap.ts",
      "/workspace/src/__tests__/api/appointments.test.ts",
      "/workspace/src/__tests__/api/patients.test.ts"
    ],
    "react-dom": [
      "/workspace/jest.config.js",
      "/workspace/package.json",
      "/workspace/temp_complex/api/whatsapp/webhook/route.ts",
      "/workspace/temp_complex/api/whatsapp/send/route.ts",
      "/workspace/temp_complex/api/webhooks/whatsapp/route.ts",
      "/workspace/temp_complex/api/translations/seed/route.ts",
      "/workspace/temp_complex/api/settings/route.ts",
      "/workspace/temp_complex/api/saudi-health/verify/route.ts",
      "/workspace/temp_complex/api/private-center/sfda-report/route.ts",
      "/workspace/temp_complex/api/private-center/moh-report/route.ts",
      "/workspace/temp_complex/api/private-center/compliance/route.ts",
      "/workspace/temp_complex/api/private-center/cchi-claim/route.ts",
      "/workspace/temp_complex/api/private-center/analytics/route.ts",
      "/workspace/temp_complex/api/patients/route.ts",
      "/workspace/temp_complex/api/ministry-health/verify/route.ts",
      "/workspace/temp_complex/api/ministry-health/sync/route.ts",
      "/workspace/temp_complex/api/ministry-health/submit/route.ts",
      "/workspace/temp_complex/api/ministry-health/compliance/route.ts",
      "/workspace/temp_complex/api/logs/route.ts",
      "/workspace/temp_complex/api/insurance/claim/route.ts",
      "/workspace/temp_complex/api/i18n/route.ts",
      "/workspace/temp_complex/api/i18n/admin/route.ts",
      "/workspace/temp_complex/api/health/route.ts",
      "/workspace/temp_complex/api/channels/whatsapp/send/route.ts",
      "/workspace/temp_complex/api/auth/refresh/route.ts",
      "/workspace/temp_complex/api/auth/me/route.ts",
      "/workspace/temp_complex/api/auth/logout/route.ts",
      "/workspace/temp_complex/api/auth/login/route.ts",
      "/workspace/temp_complex/api/appointments/route.ts",
      "/workspace/temp_complex/api/analytics/dashboard/route.ts",
      "/workspace/temp_complex/api/ai/transcribe/route.ts",
      "/workspace/temp_complex/api/ai/respond/route.ts",
      "/workspace/temp_complex/api/ai/chat/route.ts",
      "/workspace/temp_complex/(marketing)/project-documentation/page.tsx",
      "/workspace/temp_complex/(info)/contact/page.tsx",
      "/workspace/temp_complex/(info)/about/page.tsx",
      "/workspace/temp_complex/(auth)/verify-email/page.tsx",
      "/workspace/temp_complex/(auth)/reset-password/page.tsx",
      "/workspace/temp_complex/(auth)/register/page.tsx",
      "/workspace/temp_complex/(auth)/login/page.tsx",
      "/workspace/temp_complex/(auth)/forgot-password/page.tsx",
      "/workspace/temp_complex/(admin)/settings/page.tsx",
      "/workspace/temp_complex/(admin)/review/page.tsx",
      "/workspace/temp_complex/(admin)/flow/page.tsx",
      "/workspace/temp_complex/(admin)/dashboard/page.tsx",
      "/workspace/temp_complex/(admin)/conversations/page.tsx",
      "/workspace/src/middleware.backup.ts",
      "/workspace/src/middleware.disabled.ts",
      "/workspace/src/middleware.prod.ts",
      "/workspace/src/lib/cache-system.ts",
      "/workspace/src/lib/error-handler.ts",
      "/workspace/src/lib/file-upload.ts",
      "/workspace/src/lib/performance-monitor.ts",
      "/workspace/src/lib/security-enhanced.ts",
      "/workspace/src/lib/security.ts",
      "/workspace/src/lib/supabaseClient.ts",
      "/workspace/src/components/shell/Header.tsx",
      "/workspace/src/components/shell/Sidebar.tsx",
      "/workspace/src/components/providers/UIProvider.tsx",
      "/workspace/src/components/common/OptimizedImage.tsx",
      "/workspace/src/app/error.tsx",
      "/workspace/src/app/layout.backup.tsx",
      "/workspace/src/app/not-found.tsx",
      "/workspace/src/app/page.complex.tsx",
      "/workspace/src/app/robots.ts",
      "/workspace/src/app/sitemap.ts",
      "/workspace/src/__tests__/api/appointments.test.ts",
      "/workspace/src/__tests__/api/patients.test.ts"
    ],
    "@testing-library/jest-dom": [
      "/workspace/jest.setup.js",
      "/workspace/src/__tests__/setup.ts"
    ],
    "@next/bundle-analyzer": [
      "/workspace/next.config.complex.js",
      "/workspace/next.config.js"
    ],
    "typescript": ["/workspace/package.json"],
    "jest": ["/workspace/package.json"],
    "supabase": ["/workspace/package.json"],
    "preline": ["/workspace/tailwind.config.js"],
    "@types/node": [
      "/workspace/temp_complex/api/health/route.ts",
      "/workspace/src/lib/file-upload.ts",
      "/workspace/src/lib/security-enhanced.ts",
      "/workspace/src/lib/security.ts",
      "/workspace/src/lib/websocket-server.ts"
    ],
    "jsonwebtoken": [
      "/workspace/temp_complex/api/auth/refresh/route.ts",
      "/workspace/temp_complex/api/auth/me/route.ts",
      "/workspace/temp_complex/api/auth/login/route.ts",
      "/workspace/src/middleware.prod.ts",
      "/workspace/src/lib/security-enhanced.ts"
    ],
    "@types/jsonwebtoken": [
      "/workspace/temp_complex/api/auth/refresh/route.ts",
      "/workspace/temp_complex/api/auth/me/route.ts",
      "/workspace/temp_complex/api/auth/login/route.ts",
      "/workspace/src/middleware.prod.ts",
      "/workspace/src/lib/security-enhanced.ts"
    ],
    "zod": ["/workspace/temp_complex/api/auth/login/route.ts"],
    "bcryptjs": ["/workspace/temp_complex/api/auth/login/route.ts"],
    "@types/bcryptjs": ["/workspace/temp_complex/api/auth/login/route.ts"],
    "@types/react": [
      "/workspace/temp_complex/(marketing)/project-documentation/page.tsx",
      "/workspace/temp_complex/(info)/contact/page.tsx",
      "/workspace/temp_complex/(auth)/verify-email/page.tsx",
      "/workspace/temp_complex/(auth)/reset-password/page.tsx",
      "/workspace/temp_complex/(auth)/register/page.tsx",
      "/workspace/temp_complex/(auth)/login/page.tsx",
      "/workspace/temp_complex/(auth)/forgot-password/page.tsx",
      "/workspace/temp_complex/(admin)/users/page.tsx",
      "/workspace/temp_complex/(admin)/settings/page.tsx",
      "/workspace/temp_complex/(admin)/settings/i18n/page.tsx",
      "/workspace/temp_complex/(admin)/review/page.tsx",
      "/workspace/temp_complex/(admin)/private-center-dashboard/page.tsx",
      "/workspace/temp_complex/(admin)/logs/page.tsx",
      "/workspace/temp_complex/(admin)/flow/page.tsx",
      "/workspace/temp_complex/(admin)/dashboard/page.tsx",
      "/workspace/temp_complex/(admin)/conversations/page.tsx",
      "/workspace/temp_complex/(admin)/analytics/page.tsx",
      "/workspace/src/lib/responsive-design.ts",
      "/workspace/src/hooks/useApi.ts",
      "/workspace/src/hooks/useAsync.ts",
      "/workspace/src/hooks/useAuth.ts",
      "/workspace/src/hooks/useBrandColorFromLogo.ts",
      "/workspace/src/hooks/useClickOutside.ts",
      "/workspace/src/hooks/useCounter.ts",
      "/workspace/src/hooks/useDebounce.ts",
      "/workspace/src/hooks/useForm.ts",
      "/workspace/src/hooks/useI18n.ts",
      "/workspace/src/hooks/useIntersectionObserver.ts",
      "/workspace/src/hooks/useKeyPress.ts",
      "/workspace/src/hooks/useLocalStorage.ts",
      "/workspace/src/hooks/useMediaQuery.ts",
      "/workspace/src/hooks/useMemoryLeakPrevention.ts",
      "/workspace/src/hooks/usePerformance.ts",
      "/workspace/src/hooks/usePrevious.ts",
      "/workspace/src/hooks/useThrottle.ts",
      "/workspace/src/hooks/useToggle.ts",
      "/workspace/src/components/ui/DataTable.tsx",
      "/workspace/src/components/ui/Modal.tsx",
      "/workspace/src/components/ui/Toast.tsx",
      "/workspace/src/components/ui/Tooltip.tsx",
      "/workspace/src/components/shell/Header.tsx",
      "/workspace/src/components/settings/KeywordEditor.tsx",
      "/workspace/src/components/settings/SettingsTabs.tsx",
      "/workspace/src/components/providers/I18nProvider.tsx",
      "/workspace/src/components/providers/UIProvider.tsx",
      "/workspace/src/components/common/DirectionToggle.tsx",
      "/workspace/src/components/common/ErrorBoundary.tsx",
      "/workspace/src/components/common/OptimizedImage.tsx",
      "/workspace/src/components/common/PlaceholderSquare.tsx",
      "/workspace/src/components/common/StatusBanner.tsx",
      "/workspace/src/components/common/ThemeToggle.tsx"
    ],
    "lucide-react": [
      "/workspace/temp_complex/(marketing)/project-documentation/page.tsx",
      "/workspace/temp_complex/(info)/contact/page.tsx",
      "/workspace/temp_complex/(info)/about/page.tsx",
      "/workspace/temp_complex/(auth)/verify-email/page.tsx",
      "/workspace/temp_complex/(auth)/reset-password/page.tsx",
      "/workspace/temp_complex/(admin)/settings/page.tsx",
      "/workspace/temp_complex/(admin)/review/page.tsx",
      "/workspace/temp_complex/(admin)/private-center-dashboard/page.tsx",
      "/workspace/temp_complex/(admin)/flow/page.tsx",
      "/workspace/temp_complex/(admin)/dashboard/page.tsx",
      "/workspace/temp_complex/(admin)/conversations/page.tsx",
      "/workspace/temp_complex/(admin)/analytics/page.tsx",
      "/workspace/src/components/shell/Header.tsx",
      "/workspace/src/components/shell/Sidebar.tsx",
      "/workspace/src/app/error.tsx",
      "/workspace/src/app/not-found.tsx",
      "/workspace/src/app/page.complex.tsx"
    ],
    "pg": ["/workspace/src/lib/database.ts"],
    "@types/pg": ["/workspace/src/lib/database.ts"],
    "socket.io": [
      "/workspace/src/lib/real-time-notifications.ts",
      "/workspace/src/lib/websocket-server.ts"
    ],
    "nodemailer": ["/workspace/src/lib/real-time-notifications.ts"],
    "@types/nodemailer": ["/workspace/src/lib/real-time-notifications.ts"],
    "@supabase/supabase-js": [
      "/workspace/src/lib/supabase-real.ts",
      "/workspace/src/lib/supabase.ts",
      "/workspace/src/lib/supabaseClient.ts",
      "/workspace/src/lib/supabase/client.ts"
    ],
    "@supabase/ssr": ["/workspace/src/lib/supabaseClient.ts"],
    "clsx": [
      "/workspace/src/components/ui/Badge.tsx",
      "/workspace/src/components/ui/Button.tsx",
      "/workspace/src/components/ui/Card.tsx",
      "/workspace/src/components/ui/Input.tsx",
      "/workspace/src/components/ui/Modal.tsx",
      "/workspace/src/components/ui/Skeleton.tsx",
      "/workspace/src/components/ui/Table.tsx",
      "/workspace/src/components/ui/Toast.tsx"
    ],
    "class-variance-authority": ["/workspace/src/components/ui/Button.tsx"]
  },
  "invalidFiles": {},
  "invalidDirs": {}
}
