{
  "timestamp": "2025-10-10T16:42:10.569Z",
  "masterController": {
    "cyclesCompleted": 7,
    "uptime": 3617447,
    "processes": [
      "continuous-ai-loop",
      "advanced-monitoring",
      "ml-learning-engine",
      "sandbox-testing"
    ]
  },
  "systemHealth": {
    "memoryUsage": {
      "rss": 61665280,
      "heapTotal": 9019392,
      "heapUsed": 7517544,
      "external": 1696185,
      "arrayBuffers": 101185
    },
    "nodeVersion": "v22.20.0",
    "platform": "linux",
    "arch": "x64"
  },
  "summary": {
    "status": "running",
    "totalCycles": 7,
    "averageCycleTime": 0,
    "systemHealth": "healthy"
  }
}
