{
  "timestamp": "2025-10-10T16:45:58.575Z",
  "metrics": {
    "timestamp": "2025-10-10T16:45:58.535Z",
    "system": {
      "memory": {
        "rss": 61607936,
        "heapTotal": 7446528,
        "heapUsed": 5959664,
        "external": 1608951,
        "arrayBuffers": 12155
      },
      "uptime": 3843.396532845,
      "nodeVersion": "v22.20.0",
      "platform": "linux",
      "arch": "x64"
    },
    "performance": {
      "cpuUsage": 0,
      "diskUsage": {
        "output": "Filesystem      Size  Used Avail Use% Mounted on\noverlay         126G  7.0G  113G   6% /\ntmpfs            64M     0   64M   0% /dev\ntmpfs           7.9G     0  7.9G   0% /sys/fs/cgroup\nshm              64M     0   64M   0% /dev/shm\n/dev/root       126G  7.0G  113G   6% /etc/hosts\n"
      },
      "networkLatency": {
        "error": "Command failed: ping -c 1 8.8.8.8\nping: socktype: SOCK_RAW\nping: socket: Operation not permitted\nping: => missing cap_net_raw+p capability or setuid?\n"
      }
    },
    "application": {
      "activeProcesses": 11,
      "fileSystemHealth": {
        "tempDir": true,
        "logsDir": true,
        "reportsDir": true,
        "configDir": true
      },
      "logFileSizes": {
        "admin-module.log": 14867,
        "advanced-monitoring.log": 29762,
        "continuous-ai-loop.log": 25179,
        "enhancements.log": 18528,
        "file-cleanup.log": 7942,
        "hemmam-ai-integration.log": 14395,
        "master-ai-controller.log": 288508,
        "master-executor.log": 2356,
        "ml-learning.log": 5592,
        "n8n-workflow.log": 14445,
        "pre-db-health.json": 1720,
        "sandbox-testing.log": 27364,
        "self-healing.log": 526319,
        "social-media.log": 10498,
        "verification.log": 24570
      }
    }
  },
  "alerts": [],
  "summary": {
    "totalAlerts": 0,
    "criticalAlerts": 0,
    "warningAlerts": 0,
    "infoAlerts": 0,
    "systemHealth": "healthy"
  }
}
