{
  "patterns": {
    "commonErrors": {
      "unknown_error": 13
    },
    "successfulFixes": {
      "File Cleanup_success": 13,
      "N8n Workflow_success": 13,
      "Social Media_success": 13,
      "Admin Module_success": 13,
      "Verification_success": 13
    },
    "optimizationStrategies": {},
    "performanceBaselines": {}
  },
  "metrics": {
    "totalCycles": 78,
    "successRate": 0,
    "averageCycleTime": 167.18067592333244,
    "errorFrequency": {
      "execution_error": 13
    },
    "optimizationImpact": {}
  },
  "knowledge": {
    "bestPractices": [],
    "antiPatterns": [],
    "learnedRules": [],
    "adaptiveStrategies": []
  }
}
